id,item_ja,unit_ja,category_ja,image,description_ja,item_en,unit_en,category_en,description_en,infantsMale,infantsFemale,child1Male,child1Female,child2Male,child2Female,adultMale,adultFemale,agedMale,agedFemale,pet,url_yahoo,url_rakuten,url_amazon
1,水,L,食品,https://code4fukui.github.io/tokyobichikunavi/src/assets/images/tool/result/stockpile/img-01.png,人が生命を維持するのに必要な水分量は、年齢や体重によって変わってきますが1日1人3リットルが目安量です。,"Water (for drinking, cooking, etc.)",liters,Food,"The human body needs approximately 3 liters per day to maintain life. Also, the amount differs depending on the age and weight.",2.4,2.4,2.4,2.4,3,3,3,3,3,3,,https://bit.ly/2Nt1CVQ,https://bit.ly/37DfsM3,https://amzn.to/37CbHGI
2,レトルトご飯,食,食品,https://code4fukui.github.io/tokyobichikunavi/src/assets/images/tool/result/stockpile/img-02.png,災害時には、洗わなくてもよいレトルトのおかゆやご飯があると少しでも水の節約になります。おかゆは乳幼児や高齢者の食事としても使えます。,Retort cooked  rice,packs,Food,Pre-packed rice and rice porridge are helpful to save water. Rice porridge is also useful as a meal for babies and older people.,0,0,2.4,2.4,3,3,3,3,3,3,,https://bit.ly/2MjXtmC,https://bit.ly/3aIFCPz,https://amzn.to/37zEImE
3,レトルト食品,個,食品,https://code4fukui.github.io/tokyobichikunavi/src/assets/images/tool/result/stockpile/img-03.png,調理不要のバラエティーに富んだレトルト食品。災害時は栄養バランスが偏りがちなので、たんぱく質が取れるお肉やお魚を使ったものを選びましょう。,Retort-packed food,packs,Food,"Retort-packed food requiring no cooking is available in a variety of types. As meals in times of disaster are prone to nutritional imbalance, please select retort food containing meat or fish from which proteins can be taken in.",0,0,0.8,0.8,1,1,1,1,1,1,,https://bit.ly/3uz15T4,https://bit.ly/2NlpPNX,https://amzn.to/3umnuTy
4,缶詰(さばの味噌煮、野菜など),缶,食品,https://code4fukui.github.io/tokyobichikunavi/src/assets/images/tool/result/stockpile/img-04.png,缶詰は保存食の王様。種類も豊富で味も良く、日常に欠かせない食材でもあります。家族の好みや栄養バランスを考え、たんぱく質が取れるお肉やお魚、豆類の缶詰を選びましょう。缶切りも忘れずに。,Canned food,cans,Food,"Canned food is the king of preserved food. Rich in variety and tasty, it is an indispensable food item for daily use as well. You are advised to select canned meat, fish, or beans that help you take in proteins while considering each family member's favorite food and nutritional balance. Don't forget to have a can opener in place.",0,0,0.8,0.8,1,1,1,1,1,1,,https://bit.ly/2P4hFda,https://bit.ly/3bpsGOZ,https://amzn.to/3dzJFPU
5,栄養補助食品,箱,食品,https://code4fukui.github.io/tokyobichikunavi/src/assets/images/tool/result/stockpile/img-05.png,食料不足になる災害時は、必要な栄養を食材で取れるとは限りません。サプリメントのほか、必要な栄養が詰まったバランス栄養食は、災害時、十分な調理ができないときでも手軽に栄養補給できます。,Dietary supplements,packs,Food,"When natural disasters strike, people would not be able to have enough nutrition from food. Therefore, make sure to have some nutrition bars or supplements to take enough nourishment even though people are under emergency.",0,0,0.8,0.8,1,1,1,1,1,1,,https://bit.ly/2ZG5JQL,https://bit.ly/2NPiohw,https://amzn.to/3kbsKoc
6,野菜ジュース,本,食品,https://code4fukui.github.io/tokyobichikunavi/src/assets/images/tool/result/stockpile/img-06.png,ジュースで野菜不足を解消。ミネラルやビタミンが摂取できます。冷凍保存することで、保冷剤としても使えます。,Vegetable juice,packs,Food,Vegetable juice helps to take minerals and vitamins. It is also useful as an ice pack by keeping it in the freezer.,0,0,0.8,0.8,1,1,1,1,1,1,,https://bit.ly/3c7WrmB,https://bit.ly/3dvmgPM,https://amzn.to/2Nll72J
7,チーズ・プロテインバー等,パック,食品,https://code4fukui.github.io/tokyobichikunavi/src/assets/images/tool/result/stockpile/img-07.png,被災地で支援物資として配られる食料は炭水化物が中心で、たんぱく質やビタミンといった栄養素が不足しがちです。健康を維持するためにも、チーズやプロテインバーといった高タンパクで保存可能な食料をストックしておくと安心です。,Cheese & protein bars,packs,Food,"Food handed out as relief supplies in disaster-affected areas is primarily carbohydrates, tending to lack in such nutrients as proteins and vitamins. If only to maintain sound health, you will have peace of mind by keeping in stock high-protein preservative food such as cheese and protein bars.",0,0,1,1,1,1,1,1,1,1,,https://bit.ly/3pRfEhi,https://bit.ly/30nYCwW,https://amzn.to/3kcpB7N
8,健康飲料粉末,袋,食品,https://code4fukui.github.io/tokyobichikunavi/src/assets/images/tool/result/stockpile/img-08.png,食料不足になる災害時は、必要な栄養を食材で取れるとは限りません。サプリメントのほか健康飲料の粉末などは、調理ができないときや疲れて食べ物がのどを通らないときでも、手軽に栄養補給できます。,Powdered healthy drinks,packs,Food,"In times of disaster when food is in short supply, you cannot always take in necessary nutrients from foodstuffs. Beside nutritional supplements, powdered healthy drinks, etc. enable you to receive nutritional support readily even when cooking is impossible or you are too tired to get food down your throat.",0,0,0.8,0.8,1,1,1,1,1,1,,https://bit.ly/2NSeF2M,https://bit.ly/3kbt1Y6,https://amzn.to/2NrnJvG
9,調味料セット,適宜,食品,https://code4fukui.github.io/tokyobichikunavi/src/assets/images/tool/result/stockpile/img-09.png,料理に欠かせない調味料。野菜がたくさん入ったソースは、いろいろな食材に合う万能調味料です。,Set of seasonings,As needed,Food,Seasoning is necessary in cooking. Sauce with a lot of vegetables is versatile seasoning for it could match with many kinds of ingridients.,0,0,1,1,1,1,1,1,1,1,,https://bit.ly/3bydBcv,https://bit.ly/37AhMDA,https://amzn.to/3k9rvGd
10,乾麺 即席麺,パック,食品,https://code4fukui.github.io/tokyobichikunavi/src/assets/images/tool/result/stockpile/img-10.png,災害時はご飯やパンが中心になるので、乾麺があるとメニューに変化をつけられます。賞味期限が長いので長期保存でき、冷めてもおいしく食べられます。普段食べているものを少し多めにストックしておきましょう。,Dried or instant noodles,packs,Food,"In times of disaster, you depend mainly on rice or bread for meals. Dried noodles can accent your menu for variety. As they last long, you can preserve them for a long time and can taste them good eaten cold. You are advised to keep in stock a bit more of what you eat regularly.",,,,,,,,,,,,http://bit.ly/37Enbtf,http://bit.ly/3qKhkKI,http://amzn.to/2P4TZFB
11,無洗米,kg,食品,https://code4fukui.github.io/tokyobichikunavi/src/assets/images/tool/result/stockpile/img-11.png,災害時に無洗米があると水の節約になります。おかゆは乳幼児や高齢者の食事としても使えます。,Pre-washed rice,kg,Food,"If pre-washed rice is available in times of disaster, it helps to save water. Porridge is useful as meals for babies/infants and elderly people.",0,0,0.3,0.3,0.375,0.375,0.375,0.375,0.375,0.375,,https://bit.ly/3unFi0u,https://bit.ly/3bs8KK1,https://amzn.to/3aEBTm7
12,飲み物,本,食品,https://code4fukui.github.io/tokyobichikunavi/src/assets/images/tool/result/stockpile/img-12.png,水以外に、自分が普段好んで飲んでいる飲料があれば用意しておきましょう。災害時であっても、普段通りに自分の好きなものを飲んだり食べたりできる環境をつくっておくことが大切です。,Drinks,bottles,Food,"If there are favorite drinks other than water you routinely consume, it is recommended to keep them in stock. It is important to have in place an environment where you can drink and eat what you like as usual even at the time of disaster.",0,0,0.8,0.8,1,1,1,1,1,1,,http://bit.ly/3bw0ubZ,https://bit.ly/2ZGHUbE,http://amzn.to/3dCp2Tc
13,お菓子,パック,食品,https://code4fukui.github.io/tokyobichikunavi/src/assets/images/tool/result/stockpile/img-13.png,お菓子は栄養価を考えて選ぶのがベター。米菓子は栄養素が豊富。ようかんは高齢者も食べやすく、気軽に口に入れられる一口サイズのものがおすすめ。乾燥野菜や果物のスナックチップスでビタミン補給。いずれも、保存の効く個別包装のものがおすすめです。避難生活が長引くときには気分転換にもつながります。,Confectionery,packs,Food,"It is better to choose confectionery in consideration of nutritional value. Rice biscuits are rich in nutritional elements. Yokan (jellied azuki bean paste) is easy for elderly people to eat, and bite-size pieces readily put into the mouth are recommended. Vitamins can be supplemented with snack food chips of dried vegetables and fruit. Recommendable are individually packed items that can be preserved long. They also help for a change when refugee life is prolonged.",,,,,,,,,,,,http://bit.ly/2NQAyj4,https://bit.ly/3se4nc8,http://amzn.to/2P4BTU8
14,果物の缶詰,缶,食品,https://code4fukui.github.io/tokyobichikunavi/src/assets/images/tool/result/stockpile/img-14.png,果物でビタミンや水分を摂取。缶詰でない場合は、包丁を使わずに済むミカンやバナナ、日持ちのするリンゴや梨、ブドウやスイカもおすすめです。,Canned food (fruit),cans,Food,"You can take in vitamins and water from fruit. If not canned, it is recommendable to eat ""mikan"" mandarin oranges and bananas, which do not require kitchen knives, and apples, pears, grapes and watermelons, which stay good for a long time.",,,,,,,,,,,,http://bit.ly/3siDfc7,https://bit.ly/3ulh3Qu,http://amzn.to/3bx8E3H
15,除菌ウェットティッシュ,枚,感染対策／断水（衛生対策）,https://code4fukui.github.io/tokyobichikunavi/src/assets/images/tool/result/stockpile/img-15.png,災害時には水が不足し、手を洗ったり拭き掃除をしたりすることが気軽にできなくなります。除菌タイプのウェットティッシュがあれば手指やテーブル、キッチンやトイレ回りなどの汚れを拭きとるのに使えます。,Antibacterial wet tissue,sheets,"Infection control, water outage (sanitary measures)","You run short of water supply in times of disaster, making it impossible to casually wash your hands or wipe something clean. If you have antibacterial wet tissue in place, you can use it to clean fingers, tables, kitchens, and washrooms.",10,10,10,10,10,10,10,10,10,10,,https://bit.ly/3aJAiLE,https://bit.ly/3kbxSIY,https://amzn.to/2ZGKTRg
16,アルコールスプレー,本,感染対策／断水（衛生対策）,https://code4fukui.github.io/tokyobichikunavi/src/assets/images/tool/result/stockpile/img-16.png,水道が止まっている時の手洗いや食器を拭くのに活用します。アルコールには消臭効果もあるため、ニオイが気になるところに吹きかけるといった使い方もできます。さらに、現在のコロナ禍での感染症対策としても効果を発揮します。,Alcohol sanitizer spray,bottle,"Infection control, water outage (sanitary measures)","Used for cleaning hands or tableware during water outage. As alcohol has deodorizing effects, you can use it for spray on bad-smelling places, for example. Moreover, the product is effective as well for use as disinfectant spray amid the current COVID-19 epidemic.",0.1,0.1,0.1,0.1,0.1,0.1,0.1,0.1,0.1,0.1,,https://bit.ly/3ke9ZAw,https://bit.ly/3pKeaVT,https://amzn.to/3ulqoYz
17,マスク,枚,感染対策,https://code4fukui.github.io/tokyobichikunavi/src/assets/images/tool/result/stockpile/img-17.png,感染症対策として飛沫感染を防ぐほかに、周囲への飛沫の拡散を防ぐためにも、コロナ禍の今、エチケットとして必要です。また、鼻づまりで口呼吸になっている場合にも、口の乾燥を防いでくれるため、冬場の乾燥対策としても有効です。,Face mask,masks,Infection control,"Besides preventing droplet infection as a means of combating infectious diseases, masks are necessary as etiquette to fend off the spread of droplets to people nearby in today's age of the COVID-19 epidemic. Masks are also effective as a means of protection from dryness in winter as they help to prevent dry mouth when forced into oral breathing by nasal congestion.",0,0,1,1,1,1,1,1,1,1,,https://bit.ly/3kfA5TM,https://bit.ly/3pH5H5T,https://amzn.to/3sbuEb2
18,口内洗浄液,ml,断水（衛生対策）,https://code4fukui.github.io/tokyobichikunavi/src/assets/images/tool/result/stockpile/img-18.png,水道が使えず歯磨きができない場合に備えて、口内洗浄液を準備しておきましょう。お口の健康は体の健康にも影響します。水不足で口の中を清潔に保つことができないと、口の中の菌が体に悪影響を及ぼす可能性があります。特に肺炎になりやすい高齢者の方は注意が必要です。,Mouthwash,ml,Water outage (sanitary measures),"Keep mouthwashes in stock in preparation for the inability to brush teeth due to the unavailability of tap water. Health of the mouth affects that of the body. If you fail to keep the mouth clean inside, intraoral bacteria may adversely affect the body. In  particular, elderly people prone to pneumonia require special attention.",0,0,90,90,90,90,90,90,90,90,,https://bit.ly/3dETPyS,https://bit.ly/3ugkEPT,https://amzn.to/3aIB1Ng
19,救急箱,箱,医薬品,https://code4fukui.github.io/tokyobichikunavi/src/assets/images/tool/result/stockpile/img-19.png,災害時に備えて応急手当用品があると安心です。ばんそうこうやガーゼ、包帯、ピンセット、綿棒、爪切り、体温計、マスクなどを救急箱に備えておきましょう。,First-aid kit,kit,Medication,"There is a possibility to get many kinds of injury. Make box for first-aid-kid and puck band-aid, gauze, bandage,tweezers, cotton swab, nail clippers, thermometer, and mask.",,,,,,,,,,,,https://bit.ly/2NuBw4N,https://bit.ly/2Nm0iEk,https://amzn.to/3qKpmTE
20,常備薬,箱,医薬品,https://code4fukui.github.io/tokyobichikunavi/src/assets/images/tool/result/stockpile/img-20.png,軽い症状のときや、医師にかかるまでの応急的な処置を行うときに使えます。薬は災害時に手に入りにくくなるので、鎮痛薬、胃腸薬、風邪薬など、必要なものを揃えておきましょう。,Household medicine,box,Medication,"Household medicine can be readily used when symptoms are mild or when applying first aid before consulting a doctor. As it becomes hard to get medicine at the time of disaster, it is recommended to keep in stock such drugs as painkillers, gastrointestinal medicine, and cold tablets.",,,,,,,,,,,,,,
21,カセットコンロ,台,ガス停止（調理）,https://code4fukui.github.io/tokyobichikunavi/src/assets/images/tool/result/stockpile/img-21.png,電気やガスが止まってしまったときでも、カセットコンロがあれば安心です。停電の可能性も高いので、IHヒーターよりも役立ちます。お湯を沸かして温かい汁物などを作るためには、保温効果の高い鍋を用意することも重要です。,Portable gas stove,stove,Gas outage (cooking),"Even when electricity and gas supply is suspended, you will feel safe if you have a portable gas stove in place. It is more useful than an induction cooker due to the high possibility of a power failure. It is also important to have a pan ready for use, which is highly effective in keeping food warm, in order to boil water and cook something hot such as soup.",,,,,,,,,,,,https://bit.ly/3dzDI5H,https://bit.ly/3kbNKLu,https://amzn.to/3pFlUIF
22,カセットボンベ,ガスコンロ1台につき1日4/3本,ガス停止（調理）,https://code4fukui.github.io/tokyobichikunavi/src/assets/images/tool/result/stockpile/img-22.png,ボンベは多めに用意しましょう。使用期限は6～7年なので、少し多めに買いそろえ、使いながら買い足す、日常備蓄（ローリングストック）の一環として備えておきましょう。,Gas canister,4/3 per day per gas stove,Gas outage (cooking),"Let's keep more canisters in stock than usual. As a canister is good for six to seven years, it is recommended to buy more canisters than you need and purchase an additional one each time you use up an existing one as part of everyday stockpiling (known as a rolling stock method).",0,0,1,1,1,1,1,1,1,1,,https://bit.ly/3kdzthr,https://bit.ly/3dBMy2Y,https://amzn.to/37zFgsI
23,ラップ,本,断水（節水・衛生対策）,https://code4fukui.github.io/tokyobichikunavi/src/assets/images/tool/result/stockpile/img-23.png,断水時、食器に被せれば汚れを防ぎ、洗わずに済みます。また、三角巾や包帯代わりにも使え、体に巻けば保温効果も期待できます。,Plastic wrap,piece,"Water outage (saving water, sanitary measures)","If you cover tableware with plastic wrap during a meal at the time of water outage, it prevents the tableware from getting dirty and you don't have to wash used plates, etc. Plastic wrap can also be used as an alternative to a sling or bandage and, if wrapped around the body, you can expect the effect of heat retention.",,,,,,,,,,,,https://bit.ly/3bw8MR5,https://bit.ly/3aHM1KJ,https://amzn.to/3k8i49W
24,ポリ袋,箱,断水（節水・衛生対策）,https://code4fukui.github.io/tokyobichikunavi/src/assets/images/tool/result/stockpile/img-24.png,手に被せると応急手当時の感染防止に役立ちます。断水時には食材を入れて調理すれば衛生的です。ジッパー付きの袋はニオイの防止になるので、トイレごみなどは黒いごみ袋に入れジッパー付きの袋に入れましょう。防水なので、財布・貴金属の保管にも便利です。,Plastic bag,box,"Water outage (saving water, sanitary measures)","If you put a plastic bag over your hand, it is helpful to prevent infections. It is hygienic to cook ingredients inside a plastic bag during water outage. Please put toilet filth, etc. into a black garbage bag and cover it in a resealable bag, which fends off bad odor. Being waterproof, such bags are also convenient to keep a wallet or precious metals.",,,,,,,,,,,,https://bit.ly/3aHObu0,https://bit.ly/3uwJ6g2,https://amzn.to/3si2jjq
25,ビニール手袋,箱,断水（節水・衛生対策）,https://code4fukui.github.io/tokyobichikunavi/src/assets/images/tool/result/stockpile/img-25.png,手がしっかり洗えない状態で調理をしなければならない時に、ラテックス製などの使い捨てができる手袋があると便利です。トイレ掃除など、不衛生な物を扱う時にも役立ちます。,Plastic gloves,box,"Water outage (saving water, sanitary measures)","When you have to cook while you cannot wash your hands sufficiently, it is convenient to have disposable gloves such as latex ones ready for use. They are useful to handle unsanitary goods such as when cleaning the toilet.",,,,,,,,,,,,https://bit.ly/2NRCHv3,https://bit.ly/2ZARiO2,https://amzn.to/3kauUUY
26,アルミホイル,本,断水（節水）,https://code4fukui.github.io/tokyobichikunavi/src/assets/images/tool/result/stockpile/img-26.png,断水時、調理器具にアルミホイルを敷くと汚さずに調理できます。また、お皿の形にすれば、使い捨ての食器としても使えます。ニオイを通さないので、防臭にも役立ちます。,Aluminum foil,piece,Water outage (saving water),"During water outage, spread aluminum foil on kitchen utensils and you can cook without making them dirty. Also, aluminum foil shaped into a plate can be used as disposable tableware. Foil is useful for deodorization as well because it does not allow any smell to permeate.",,,,,,,,,,,,https://bit.ly/2NVaQd9,https://bit.ly/3pFrlr3,https://amzn.to/3skyiiS
27,トイレットペーパー,ロール,トイレ,https://code4fukui.github.io/tokyobichikunavi/src/assets/images/tool/result/stockpile/img-27.png,断水が起きなくても、トイレットペーパーがなければトイレが使えません。切らすと不便で、トイレへの不安がますます強くなってしまいます。ティッシュペーパーの代わりとしても使えます。,Toilet paper,rolls,Restroom,"Even if water outage does not occur, you cannot use the restroom without toilet paper. It is inconvenient if it runs out, further enhancing your worries over toileting problems. You can substitute toilet rolls for tissue paper as well.",0.3,0.3,0.3,0.3,0.3,0.3,0.3,0.3,0.3,0.3,,https://bit.ly/2P4iGlu,https://bit.ly/3shOdP0,https://amzn.to/3ughvj3
28,ティッシュペーパー,箱,断水（衛生対策）,https://code4fukui.github.io/tokyobichikunavi/src/assets/images/tool/result/stockpile/img-28.png,水を使えないと拭き取る作業も多くなります。汚れたお皿をティッシュで拭けば、水の節約にもなります。ウェットティッシュと同様に必需品です。,Tissue paper,box,Water outage (sanitary measures),"If water is not available, you will face many occasions of work to wipe off. Wiping used plates clean with tissue paper helps to save water. Tissue is an essential item along with wet tissue.",0.33,0.33,0.33,0.33,0.33,0.33,0.33,0.33,0.33,0.33,,https://bit.ly/3pKxAKc,https://bit.ly/3sjErfA,https://amzn.to/3aJBQ8J
29,懐中電灯,灯,停電（照明）,https://code4fukui.github.io/tokyobichikunavi/src/assets/images/tool/result/stockpile/img-29.png,夜間に災害が発生して停電した場合、家具やガラスが散乱した状態で部屋を歩くことは非常に危険です。誤ってけがをしてしまえば、自宅で生活ができなくなるおそれも。部屋の照明としては、ランタンも効果的です。倒れても火災を招くことがないので理想的です。,Blackout (lighting),piece,Blackout (lighting),"It is extremely dangerous to walk inside rooms scattered with furniture and shards of broken glass after the breakout accompanied by disaster during the nighttime. If you accidentally get injured, you may not be able to live at home. As room lighting, lanterns are effective. It is ideal to have lanterns that don't cause a fire after falling down.",,,,,,,,,,,,https://bit.ly/3buHFFZ,https://bit.ly/3sjEw2S,https://amzn.to/37ANsZJ
30,乾電池,単1～単4までのセット,停電（電源）,https://code4fukui.github.io/tokyobichikunavi/src/assets/images/tool/result/stockpile/img-30.png,懐中電灯などを用意しても電池がなければ使うことができません。また、電池は突然切れるおそれもあります。災害時は電池の使用頻度も高まるので、少し多めに買いそろえ、使いながら買い足す、日常備蓄（ローリングストック）の一環として備えておきましょう。,Dry battery,"Sets of D, C, AA and AAA size batteries",Blackout (power source),"You cannot use flashlights, etc. kept in stock if dry batteries are not available. Batteries may die suddenly. At the time of disaster, you are required to use batteries more often than usual. It is recommended to buy more batteries than you need usually, purchasing extra ones while using them as part of everyday stockpiling (known as a rolling stock method).",0,0,1,1,1,1,1,1,1,1,,https://bit.ly/2ZG4ocH,https://bit.ly/2ZDqPzh,https://amzn.to/3sdls6f
31,点火棒,本,停電・ガス停止（防寒）,https://code4fukui.github.io/tokyobichikunavi/src/assets/images/tool/result/stockpile/img-31.png,ろうそくや固形燃料に火をつける際など、火が必要な場合に重宝します。,Firing rod,piece,Blackout/gas outage (cold protection),A firing rod is invaluable when fire is required (e.g. lighting a candle and setting fire to solid fuel).,,,,,,,,,,,,https://bit.ly/3aMfGCN,https://bit.ly/3bxpH5K,https://amzn.to/3shYV8s
32,使い捨てカイロ,個,停電・ガス停止（防寒）,https://code4fukui.github.io/tokyobichikunavi/src/assets/images/tool/result/stockpile/img-32.png,寒いときの定番「カイロ」。冬の外出時、かばんの中に入れておくと、エレベーターに閉じ込められたときなどでも体を温めて生命維持につながります。カイロでレトルト食材を挟み、アルミブランケットやタオルで包めば、レトルト食品を温めることもできます。,Disposable body warmer,pieces,Water outage (sanitary measures),"Disposable hot pack is standard item in cold weather. If you keep it in your bag when you go out in winter, you can keep your body warm and maintain your life even when you are trapped in an elevator. You can also heat up pre-packeaged foods by clipping them with the disposable body warmer and wrapping it in an aluminium blanket or towel.",0,0,2,2,2,2,2,2,2,2,,https://bit.ly/3unPOor,https://bit.ly/3kf2s4C,https://amzn.to/3bsmmov
33,使い捨てコンタクトレンズ,1人1か月分,断水（衛生対策）,https://code4fukui.github.io/tokyobichikunavi/src/assets/images/tool/result/stockpile/img-33.png,災害時にはきれいな水が手に入らず、消毒ができない場合があります。そんな時、使い捨てのコンタクトレンズがあると便利です。予備として眼鏡の用意があるとなおよいでしょう。,Disposable contact lens,Equivalent of 1-month use,Water outage (sanitary measures),"In times of disaster, no clean water is available sometimes, making disinfection impossible. On such an occasion, disposable contact lenses are useful. It will be even better to have a pair of glasses ready for use as a backup.",0,0,1,1,1,1,1,1,1,1,,https://bit.ly/3sbpVGy,https://bit.ly/37xjSUT,https://amzn.to/3k9FX0T
34,携帯電話 充電器,携帯台数に合わせて用意,停電（電源）,https://code4fukui.github.io/tokyobichikunavi/src/assets/images/tool/result/stockpile/img-34.png,携帯電話の性能が上がり継続して利用できる時間も長くなっていますが、それでも手元に携帯電話の充電器があると安心です。電池式やソーラー式など停電しても使えるものを用意しておきましょう。,Backup battery for cell-phone,Stockpile extra batteries matching the number of cell-phones,Blackout (power source),The performance of cell-phones has grown better and the time of continued use has become long. But the availability of a battery charger for cell-phones on hand still makes you feel at ease. It is recommended to keep in stock a battery-operated charger or solar-power type that can be used during power outage.,0,0,1,1,1,1,1,1,1,1,,http://bit.ly/2NyMZjR,http://bit.ly/3umczsN,https://amzn.to/3qQjWqk
35,布製ガムテープ,巻,工具類,https://code4fukui.github.io/tokyobichikunavi/src/assets/images/tool/result/stockpile/img-35.png,傷口に清潔な布を当てた上でガムテープを巻けば止血ができます。また骨折時の添え木の固定にも。壁などに貼り伝言を書けば、家族などへの連絡メモとしても活用できます。,Tools,pieces,Tools,"You can stop bleeding from a wound by placing a piece of clean cloth on the wound and covering it with gummed cloth tape. In the event of an arm or leg being broken, such a tape is also useful to immobilize a splint applied to the injured part. A slip of tape pasted on the wall, etc. can be used as a memo pad for notice to family members and other parties concerned.",,,,,,,,,,,,https://bit.ly/3bxGg1s,https://bit.ly/3vbLl8X,https://amzn.to/3bvl2RQ
36,軍手,組,工具類,https://code4fukui.github.io/tokyobichikunavi/src/assets/images/tool/result/stockpile/img-36.png,防災用には、耐熱性、防刃性に優れた商品が適しており、がれきを取り扱う時や火を扱う調理時などに役立ちます。革手袋も有効です。,Work gloves,pair,Tools,"For anti-disaster use, gloves highly resistant to heat and blades are appropriate. They are useful when removing debris or cooking with the use of fire. Leather gloves are also effective.",0,0,1,1,1,1,1,1,1,1,,https://bit.ly/37FzdCJ,https://bit.ly/37BXlpW,https://amzn.to/2MhjfHE
37,新聞紙,適宜,トイレ／停電・ガス停止（防寒）,https://code4fukui.github.io/tokyobichikunavi/src/assets/images/tool/result/stockpile/img-37.png,新聞紙には保温効果があるため、体に巻いて温めることが可能です。水分を良く吸い、防臭効果もあるため、断水時のトイレ処理にも活用できます。,Newspaper,As needed,"Restroom, blackout, gas outage (cold protection)","As newspaper sheets have the effect of heat retention, it is possible to warm the body by wrapping them around it. Having the effects of absorbing water and preventing bad smell, newspaper can also be used to dispose of excrement during water outage.",0,0,1,1,1,1,1,1,1,1,,https://bit.ly/3qRGNC4,https://bit.ly/2NMscJt,https://amzn.to/2ZKftJH
38,手回し充電式などのラジオ,台,停電（情報収集）,https://code4fukui.github.io/tokyobichikunavi/src/assets/images/tool/result/stockpile/img-38.png,停電時にはテレビが使えず、ラジオが貴重な情報源になります。ポケットラジオならコンパクトなのでポケットやかばんに入れて持ち運べるほか、枕元に置いてもじゃまになりません。省電力で電池の持ち時間も長いので災害時にも安心です。,"Radio (hand-cranked type, battery-powered, etc.)",unit,Blackout (info collection),"In case of power outage, you cannot use a TV, but a radio becomes a precious source of information. A pocket radio is so compact as to be carried in the pocket or in a bag, and does not disturb your sleep when placed at your bedside. As it saves power and batteries last long, a radio assures you of peace of mind at the time of disaster.",,,,,,,,,,,,https://bit.ly/3aMfVxH,https://bit.ly/3qJKTvU,https://amzn.to/2ZBAxCn
39,簡易トイレ,回分,トイレ,https://code4fukui.github.io/tokyobichikunavi/src/assets/images/tool/result/stockpile/img-39.png,断水するとトイレは流せません。水が使えたとしても、集合住宅で配管が破損していた場合、汚水が逆流し下階のトイレからあふれる可能性もあります。トイレを我慢するために、食事や水を飲む量を減らすと、健康状態の悪化にもつながるので、家庭の便器に設置して固めて処理できる簡易トイレを用意しましょう。使用済の便袋は区市町村のゴミ収集方法に従って処理しましょう。,Portable toilet,time use,Restroom,"Once water supply is suspended, you cannot flush the toilet. Even if tap water is available, drainage piping may have been damaged, raising the possibility of sewage flowing back and overflowing in the washroom downstairs in the case of collective housing. If you reduce dietary and water intake to hold it, your health condition will worsen. So, keep in stock a portable toilet that can be installed on the lavatory seat for disposal of excrement in solid form. Follow municipal rules of garbage collection for disposal of used bags containing filthy matter.",0,0,5,5,5,5,5,5,5,5,,https://bit.ly/3qH8sW2,https://bit.ly/2NxfG0p,https://amzn.to/3bsvklQ
40,マルチツール,個,工具類,https://code4fukui.github.io/tokyobichikunavi/src/assets/images/tool/result/stockpile/img-40.png,調理用ナイフとしての活用ができるだけでなく、プライヤー付きであれば缶詰の直火調理の際につかむツールとしても使えます。,Multitool,piece,Tools,"Multi tools knives can not only be utilized as a cooking knife, but if it comes with pliers, it can also be used as a grabbing tool when cooking canned food over an open flame.",,,,,,,,,,,,https://bit.ly/3aONPC1,https://bit.ly/3dAooWp,https://amzn.to/3sep3Rq
41,給水袋,袋,断水（水の運搬）,https://code4fukui.github.io/tokyobichikunavi/src/assets/images/tool/result/stockpile/img-41.png,水道が復旧しない状況で、給水車に水をもらいに行くときに活用します。,Water supply bag,bags,Water outage (water transport),"When water supply has yet to be restored, this type of bag is used when you go get water from water trucks.",1,1,1,1,1,1,1,1,1,1,,https://bit.ly/37GX8BI,https://bit.ly/3slwaYv,https://amzn.to/2NsdJm1
42,ポータブルストーブ,台,停電・ガス停止（防寒）,https://code4fukui.github.io/tokyobichikunavi/src/assets/images/tool/result/stockpile/img-42.png,電気・ガスが止まると暖房器具が使えなくなるため、冬に災害が起こった時の防災グッズとして、持ち運び可能なポータブルストーブが便利です。灯油やカセットボンベが燃料のものは、使用の際に換気が必要なので注意しましょう。,Portable stove,unit,"Blackout, gas outage (cold protection)","As heating appliances cannot be used when power and gas supply is suspended, it is convenient to have a portable stove among emergency supplies at the time of disaster in winter. Please exercise caution when using stoves fueled by heating oil or gas canister because they need air ventilation during use.",,,,,,,,,,,,https://bit.ly/3dDS8lm,https://bit.ly/3uiKiDw,https://amzn.to/3shZ2ko
43,生理用品,個セット,女性,https://code4fukui.github.io/tokyobichikunavi/src/assets/images/tool/result/stockpile/img-43.png,災害時の避難生活で不足しがちなのが衛生用品。不足しているからといって長時間取り替えないでおくとかぶれの原因にもなります。普段使っているものを少し多めに買いそろえておきましょう。,Sanitary products,sets,Women,"Tending to be in short supply during refugee life in times of disaster are sanitary items. If not replaced for a long time because of short supply, it becomes a cause of rash. Keep in stock what you use routinely in quantity a little more than usual.",,,,,,,,,,,,https://bit.ly/3bzrXJE,https://bit.ly/3aJFVd3,https://amzn.to/2NwhAP1
44,基礎化粧品,個,女性,https://code4fukui.github.io/tokyobichikunavi/src/assets/images/tool/result/stockpile/img-44.png,避難生活が長期化すると、いつも使っている化粧水や乳液がなくなってしまったり、買い足せなかったりすることが想定されます。乾燥や肌荒れを防ぐため、自分の肌に合う基礎化粧品をストックしておくと安心です。,Basic skin care products,items,Women,"If the disaster lasts, it is predicted that the daily skin-products may run out, and buying a new one may not be available. To precent dry skin or skin problems, it is better to stock the skin-care products that works on your skin.",,,,,,,,,,,,https://bit.ly/3uqOMYX,https://bit.ly/2ZGOpv7,https://amzn.to/2NsVhK2
45,粉ミルク スティックタイプ,食,乳幼児,https://code4fukui.github.io/tokyobichikunavi/src/assets/images/tool/result/stockpile/img-45.png,調乳の場合はスティックタイプの粉ミルクを備えておくと便利です。哺乳瓶の衛生を保つことが難しい場合には、使い捨ての紙コップで授乳することも一つの手です。,Powdered milk (in stick-like pouch),Babies/infants,Babies/infants,"When preparring milk, it is convenient to have powderd infant formul. If it is difficult to maintain hygienic condition of baby bottle, feeding with disposable paper cup is one option.",6,6,0,0,0,0,0,0,0,0,,http://bit.ly/3qXSOpe,http://bit.ly/3sjr4M9,http://amzn.to/3uoTGFK
46,液体ミルク,食,乳幼児,https://code4fukui.github.io/tokyobichikunavi/src/assets/images/tool/result/stockpile/img-46.png,調乳が不要な液体ミルクは、粉ミルクと併せて備えておくと便利です。粉ミルクは開封後1か月持ちますが、液体ミルクは開封後の飲み残しを捨てる必要があります。液体ミルクも未開封では常温で半年～1年の保管が可能ですので、災害時の手間を考え備蓄しておくとよいでしょう。,Liquid baby formula,servings,Babies/infants,"It is convenient to have liquid formula on hand, which requires no milk formulation, in addition to powdered formula. Although powdered formula is good for a month after opening the pack, it is necessary to discard the portion of liquid formula that is left unconsumed after opening. But unopened liquid formula can be preserved at room temperature for a half to full year, and you are advised to keep liquid formula in stock considering the time and effort required for milk preparation at the time of disaster.",6,6,0,0,0,0,0,0,0,0,,https://bit.ly/3ur8gfI,https://bit.ly/3ulvXGr,https://amzn.to/3aFnjus
47,アレルギー対応離乳食,食,乳幼児,https://code4fukui.github.io/tokyobichikunavi/src/assets/images/tool/result/stockpile/img-47.png,赤ちゃんは食べ慣れていないものを食べることができない場合があるので、普段食べている離乳食を用意しましょう。特にアレルギー対応食は手に入りにくくなるので、しっかり準備しておきましょう。食べた後も器の代わりにしたり、フタをして入れ物にしたりできる、瓶タイプの物がおすすめです。,Weaning food (allergy-free),meals,Babies/infants,"As babies are sometimes unable to eat what they are not accustomed to, you are advised to have on hand baby food they usually take. Be prepared well in particular for allergy-free food which becomes difficult to obtain in times of disaster. As for containers of such food, it is recommended to have bottle types which can be substituted for tableware or which can be used as containers by putting a lid on them.",3,3,0,0,0,0,0,0,0,0,,http://bit.ly/3unR6zQ,http://bit.ly/2MmaNXG,http://amzn.to/3pMolZW
48,おむつ,個,乳幼児,https://code4fukui.github.io/tokyobichikunavi/src/assets/images/tool/result/stockpile/img-48.png,災害時にはおむつなどの衛生用品は手に入りにくく、支援物資として配られてもサイズが合わないことも。不足しているからといって長時間取り替えないでいると、かぶれの原因にもなります。普段使っているものを少し多めに買いそろえておきましょう。,Babies/infants,Babies/infants,Babies/infants,"In times of disaster, diapers and other sanitary items are hard to come by, and what is distributed as relief supplies may not fit right in size. If not replaced with a new one for a long time because of supply shortage, babies may develop rash. It is recommended to purchase a little more of what is used daily.",10,10,0,0,0,0,0,0,0,0,,https://bit.ly/3aLhD2d,https://bit.ly/3qMozSf,https://amzn.to/2MeacqX
49,お尻拭き,パック,乳幼児,https://code4fukui.github.io/tokyobichikunavi/src/assets/images/tool/result/stockpile/img-49.png,アルコールが入っていないので、ウェットティッシュとして大人が手や身体を拭いたり、テーブルなどを拭くときにも使えます。災害時に手に入りにくくなっても困らないように、普段使っているものを少し多めにストックしておきましょう。,Baby wipes,packs,Babies/infants,"Without alcoholic content, baby wipes can be used by adults as wet tissue to wipe their body or the table, etc. clean. To avoid being inconvenienced by short supply at the time of disaster, you are advised to keep in stock an extra amount of what you usually use.",1,1,0,0,0,0,0,0,0,0,,https://bit.ly/3dHmGCD,http://bit.ly/2ZAXw0g,http://amzn.to/2ZCi7Bx
50,使い捨て哺乳瓶,個,乳幼児,https://code4fukui.github.io/tokyobichikunavi/src/assets/images/tool/result/stockpile/img-50.png,災害時に水道が使えず、哺乳瓶を洗うこともままならないという状況も考えられます。そのため、哺乳瓶も清潔に保てる使い捨てタイプのものを用意しておくことが重要です。,Disposable baby bottle,bottles,Babies/infants,It is conceivable at the time of disaster that you may be unable to use tap water and not afford to wash baby bottles clean. It is therefore important to keep ready for use disposable bottles that can be kept clean.,6,6,0,0,0,0,0,0,0,0,,https://bit.ly/3aLhDzf,http://bit.ly/3aHBakc,http://amzn.to/3bryWEx
51,おかゆ,食,高齢者,https://code4fukui.github.io/tokyobichikunavi/src/assets/images/tool/result/stockpile/img-51.png,高齢者は、体内の水分量が少ないため、容易に脱水状態に陥る危険があります。体内の水分が失われると疲労感や食欲不振にもつながります。柔らかくて食べやすいレトルト食品や、濃厚流動食、とろみ剤なども活用しましょう。,Porridge & other soft food,packs,Elderly people,"Elderly people are at risk of becoming dehydrated easily due to the low body water content. Loss of water content can lead to fatigue or loss of appetite. Let's utilize rice gruel or other soft food, high density liquid diet, and thicker.",0,0,0,0,0,0,0,0,3,3,,http://bit.ly/3uzdPJo,http://bit.ly/3kdO4JL,http://amzn.to/2NLZBDX
52,入れ歯洗浄剤,錠,高齢者,https://code4fukui.github.io/tokyobichikunavi/src/assets/images/tool/result/stockpile/img-52.png,入歯洗浄剤がないと汚れが落ち切らず、細菌感染などのおそれがあります。水が不足している状況では、ウェットティッシュやハンカチなどを指に巻いて汚れを落とすことや、歯ブラシだけで時間をかけ丁寧に歯を磨いた後に少量の水で口をすすぐなども有効です。,Denture cleaner,tablets,Elderly people,"Without a denture cleaner, stain fails to come off completely, raising the risk of bacterial infection. When water is in short supply, it is effective to remove stain with wet tissue or a handkerchief wrapped around fingers, or rinse your mouth with a small amount of water after taking time to brush dentures carefully with a toothbrush alone.",0,0,0,0,0,0,0,0,30,30,,https://bit.ly/3dEwkFZ,https://bit.ly/3qECfi6,http://amzn.to/3boH5cW
53,処方箋薬,医師・薬剤師に相談,高齢者,https://code4fukui.github.io/tokyobichikunavi/src/assets/images/tool/result/stockpile/img-53.png,特に慢性的な疾患を持つ方等で、日常的に処方薬(注射薬等を含む。)を必要としている方は、手持ちの処方薬を切らさないよう、1週間程度のゆとりを持って定期的な受診を心がけましょう。,Prescription drugs,*Consult doctor/pharmacist.,Elderly people,"People who need medicine including injections on a daily basis, especcially those who have chronic illness, need to keep in mind to get looked at regularly in order no to run out of prescription drugs on hand.",,,,,,,,,,,,,,
54,補聴器用電池,2個で10日,高齢者,https://code4fukui.github.io/tokyobichikunavi/src/assets/images/tool/result/stockpile/img-54.png,補聴器用電池など特別なサイズの電池は手に入れるまでに時間がかかる場合がありますので、少し多めに買いそろえておきましょう。,Battery for hearing aid,2 pieces per 10 days,Elderly people,"As it sometimes takes much time to obtain batteries for hearing aid  and other cells of special size, let's have slightly more batteries in stock than usual.",,,,,,,,,,,,https://bit.ly/3pK71oG,http://bit.ly/3boLPiK,http://amzn.to/37BxWge
55,フリーズドライ食品,適量,食品,https://code4fukui.github.io/tokyobichikunavi/src/assets/images/tool/result/stockpile/img-55.png,フリーズドライ食品は、少量のお湯で食べられ、災害時に不足しがちな野菜の栄養素が取れます。スープなので摂取しやすく副菜として用意しておくと有効です。たくさんの種類がありおいしいので普段の生活の中で定期的に食べながら、自分が好きな味のものをストックしましょう。,Freeze-dried food,Appropriate quantity,Food,"You can eat freeze-dried food in a small amount of hot water and take in nutritional elements of vegetables that tend to run short during a disaster. Coming in soup, it is easy to ingest and convenient if kept in stock as a side dish. As freeze-dried food is available in many varieties and delicious, keep your favorite types in stock while regularly consuming in daily life.",0,0,1,1,1,1,1,1,1,1,,https://bit.ly/3pJHzj3,http://bit.ly/3pByM2A,http://amzn.to/3pODyKk
56,乾物,適量,食品,https://code4fukui.github.io/tokyobichikunavi/src/assets/images/tool/result/stockpile/img-56.png,乾物は保存期間が長く栄養素が豊富なので、栄養不足になりがちな災害時には有効な食材です。ミネラル・食物繊維が豊富な切り干し大根や寒天がおすすめです。,Dry food,Appropriate quantity,Food,"Being preserved long and rich in nutritional elements, dry food is an effective ingredient in times of disaster when you are prone to be undernourished. Recommendable are ""kiriboshi-daikon"" (dried strips of Japanese radish) and ""kanten"" (agar made from algae), both rich in dietary fiber.",0,0,1,1,1,1,1,1,1,1,,https://bit.ly/3bBwrzQ,https://bit.ly/3qMzrzq,http://amzn.to/2McyilM
57,歯みがき用ウェットティッシュ,枚程度,断水（衛生対策）,https://code4fukui.github.io/tokyobichikunavi/src/assets/images/tool/result/stockpile/img-57.png,断水により歯磨きができず口の中が不衛生になると、免疫力の低い高齢者や小さな子供は肺炎などの感染症にかかりやすくなります。歯みがき用のウェットティッシュでこまめに歯を拭き、口の中をきれいに保ちましょう。アルコールフリーなのでボディケアや食器拭きにも使えます。,Teeth wipes,sheets(about),Water outage (sanitary measures),"If teeth cannot be brushed due to water outage and the mouth becomes unsanitary inside, elderly people and small children having weak immune systems are prone to pneumonia and other infectious diseases. Wipe the teeth clean frequently with wet tissue exclusive for brushing teeth and keep the mouth clean inside. Being free from alcohol, you can use such teeth wipes to clean the body or table.",0,0,10,10,10,10,10,10,10,10,,https://bit.ly/2NxfZbx,http://bit.ly/3qMCKa6,http://amzn.to/3uoZcIg
58,ウェットボディタオル,枚,断水（衛生対策）,https://code4fukui.github.io/tokyobichikunavi/src/assets/images/tool/result/stockpile/img-58.png,水道やガスが止まりお風呂に入れなくなったときには、タオルなどで体を拭くことになります。一般的なウェットティッシュだと体を拭くには小さいので、厚手で背中が拭ける大判サイズのウェットタオルの準備をしておくと安心です。,Body wipes,sheets,Water outage (sanitary measures),"When you cannot take a bath due to water and gas outage, you have no choice but to wipe the body with a towel, etc. Ordinary wet tissue is too small to do so, you are advised for peace of mind to keep in stock thick wipes big enough to clean the back.",1,1,1,1,1,1,1,1,1,1,,http://bit.ly/3qMeO6F,http://bit.ly/2ZGgHG1,http://amzn.to/3btwYDL
59,LEDランタン,最低3台,停電（照明）,https://code4fukui.github.io/tokyobichikunavi/src/assets/images/tool/result/stockpile/img-59.png,向けた方向しか照らせず片手がふさがってしまう懐中電灯よりも、部屋全体を明るくできるため室内照明として有効です。家族が同時に使うリビング・キッチン・トイレに1個ずつ用意しましょう。光量が弱い場合は、ヘッドライトなどと使い分けて活用しましょう。,LED camping lantern,3 units(at least),Blackout (lighting),"Rather than flashlights that can light a single direction only and keep one hand full, LED camping lights are more effective as room lighting because an entire room can be made luminous. It is recommended to have one lantern in place each for the living room, kitchen and restroom used simultaneously by family. When illumination is insufficient, use a headlamp, etc. together.",,,,,,,,,,,,https://bit.ly/3qLubfn,https://bit.ly/2NJLkro,http://amzn.to/2ZBLIL5
60,ヘッドライト,個,停電（照明）,https://code4fukui.github.io/tokyobichikunavi/src/assets/images/tool/result/stockpile/img-60.png,両手が空くヘッドライトは、料理や物を運ぶなど作業をする時に有効な照明です。家族各々が外出する時にも使うので、一人一個用意しましょう。,Blackout (lighting),unit,Blackout (lighting),"A headlamp, which leaves both hands free, is effective lighting when in work such as carrying dishes or goods with you. You are advised to have one headlamp in place for each family member as such lamps are used as well when family members go out individually.",1,1,1,1,1,1,1,1,1,1,,https://bit.ly/3bxqTpW,https://bit.ly/2NT8ifW,http://amzn.to/2ZDtgll
61,クーラーボックス,個,停電（食材保存）,https://code4fukui.github.io/tokyobichikunavi/src/assets/images/tool/result/stockpile/img-61.png,停電で冷蔵庫が使えなくなったとき、一部の食材をクーラーボックスに移し保冷剤を一緒に入れれば、臨時の冷蔵庫として活用できます。冷蔵庫とクーラーボックスの併用により食材を無駄にせず、効率よく食べるようにしましょう。,Cooler,unit,Blackout (foodstuff preservation),"When a fridge cannot be used due to a blackout, you can substitute a cooler as a makeshift fridge by transferring some foodstuff and adding an ice pack. It is recommended to avoid wasting foodstuff and eat efficiently by using a fridge and a cooler at the same time.",,,,,,,,,,,,https://bit.ly/3qLug2F,http://bit.ly/37yHHvh,http://amzn.to/3pIaZ0W
62,リュックサック,個,断水（水の運搬）,https://code4fukui.github.io/tokyobichikunavi/src/assets/images/tool/result/stockpile/img-62.png,断水時には給水拠点などから水を運ぶ必要も出てきます。もし災害時にエレベーターが止まり、階段を使って運ばないといけないときは、リュックに大きめのポリ袋を被せ、その中に水を入れて運べば、ポリタンクよりも楽に運べます。集合住宅の上の階に住んでいる方に有効な方法です。水を入れて重たくなっても運べるような大きさを選びましょう。,Backpack,unit,Water outage (water transport),"When water supply is interrupted, it becomes necessary to carry water from a feeding base or elsewhere. In case an elevator is halted and you have to use stairs, you are advised to put a pretty big plastic bag into a backpack and pour water into it. You can carry water more easily than in a plastic container. It is an effective method for people living on upper floors of collective housing. Select the size of a backpack that can be carried with full of water.",,,,,,,,,,,,https://bit.ly/3ul3ZKW,http://bit.ly/3pHDImz,http://amzn.to/3bwPcnV
63,ペットフード,,ペット,https://code4fukui.github.io/tokyobichikunavi/src/assets/images/tool/result/stockpile/pet/img-01.png,災害時には人への支援が優先し、ペットフードの確保が困難になるケースがあります。大切なペットのためにも、飼い主の責任で、ペットフードをストックしておきましょう。,Pet food (for at least 5 days),,Pets,"In times of disaster, support for human beings takes precedence over anything else sometimes, making it difficult to secure pet food. Let's keep pet food in stock under the responsibility of owners for the sake of your precious pets as well.",,,,,,,,,,,1,http://bit.ly/3qKQPVf,http://bit.ly/3qLX0Zm,http://amzn.to/3pGCqs5
64,水,,ペット,https://code4fukui.github.io/tokyobichikunavi/src/assets/images/tool/result/stockpile/pet/img-02.png,ペット用の水も考えてストックをしておきましょう。非常時はストレスから水を飲まなくなってしまう可能性も高いので、飲みやすい「軟水」を選ぶとよいでしょう。ミネラル分が多い硬水は、尿結石になる可能性があります。,Water (for at least 5 days)  for pets,,Pets,"It is recommended to keep water in stock for pets as well. Given a high possibility of pets stopping drinking water from stress in times of emergency, you are advised to choose ""soft water"" that is easy to drink. Hard water is rich in mineral content, possibly causing urinary tract stones.",,,,,,,,,,,1,https://bit.ly/2Nt1CVQ,http://bit.ly/3aI2TRA,http://amzn.to/3aHBHm7
65,ペット用 首輪 リード,,ペット,https://code4fukui.github.io/tokyobichikunavi/src/assets/images/tool/result/stockpile/pet/img-03.png,災害時の混乱によって、ペットと離れ離れになる可能性もあります。ペットが保護された際に飼い主の元に戻れるよう、所有者が分かるようにしておくこともが重要です。,Spare collar/leash  for pets,,Pets,You may get separated from your pets amid confusion at the time of disaster. It is important to keep the identity of owners easily known to anyone so that pets may return to their owners when saved.,,,,,,,,,,,1,http://bit.ly/3uiaBJY,http://bit.ly/3qKfM3m,http://amzn.to/3swFwAP
66,ペット用のトイレ用品,,ペット,https://code4fukui.github.io/tokyobichikunavi/src/assets/images/tool/result/stockpile/pet/img-04.png,生活環境の衛生面を保つ上ではペットのトイレ事情も重要です。犬にはペットシーツ、猫には猫砂のように、ペットに合わせたトイレ用品を備蓄することで災害時の生活衛生面保全に努めましょう。,Toilet goods for pets,,Pets,Toilet conditions of pets are important to maintain good hygiene of the living environment. Let's try to keep the sanitary aspect of refugee life clean by keeping toilet goods for pets in stock in a manner that matches them (e.g. pet sheets for dogs and kitty litter for cats).,,,,,,,,,,,1,http://bit.ly/3bw2zVl,http://bit.ly/2P5REKv,http://amzn.to/2ZGnZth
67,ペット用の食器,,ペット,https://code4fukui.github.io/tokyobichikunavi/src/assets/images/tool/result/stockpile/pet/img-05.png,ペットフードが散らばるなどの衛生上の問題を防ぐため、食器のストックもしておきましょう。,Eating utensils  for pets,,Pets,Let's keep eating utensils for pets in stock to prevent sanitary problems such as scattered pet food.,,,,,,,,,,,1,http://bit.ly/3dAYulh,http://bit.ly/3qNfx7p,http://amzn.to/37EsGIm
